chinese,thai_meaning,category,hsk_level
一半,,,hsk1
一块儿,,,hsk1
一边,,,hsk1
上学,,,hsk1
上次,,,hsk1
下次,,,hsk1
下班,,,hsk1
下车,,,hsk1
不大,,,hsk1
不对,,,hsk1
中,,,hsk1
中学生,,,hsk1
书包,,,hsk1
事,,,hsk1
们,,,hsk1
元,,,hsk1
关,,,hsk1
关上,,,hsk1
出,,,hsk1
分,,,hsk1
别,,,hsk1
前,,,hsk1
动,,,hsk1
动作,,,hsk1
包,,,hsk1
北,,,hsk1
半,,,hsk1
半年,,,hsk1
南,,,hsk1
口,,,hsk1
右,,,hsk1
后,,,hsk1
听到,,,hsk1
听见,,,hsk1
呢,,,hsk1
哥,,,hsk1
哪些,,,hsk1
唱,,,hsk1
回到,,,hsk1
回去,,,hsk1
国外,,,hsk1
在家,,,hsk1
地,,,hsk1
地上,,,hsk1
坏,,,hsk1
坐下,,,hsk1
块,,,hsk1
外,,,hsk1
外国,,,hsk1
女,,,hsk1
女孩儿,,,hsk1
奶,,,hsk1
好玩儿,,,hsk1
妹,,,hsk1
姐,,,hsk1
子,,,hsk1
字,,,hsk1
家人,,,hsk1
家里,,,hsk1
小学生,,,hsk1
小孩儿,,,hsk1
小朋友,,,hsk1
就,,,hsk1
山,,,hsk1
左,,,hsk1
差,,,hsk1
帮,,,hsk1
常,,,hsk1
干,,,hsk1
干什么,,,hsk1
弟,,,hsk1
得到,,,hsk1
忘,,,hsk1
您,,,hsk1
打车,,,hsk1
找到,,,hsk1
拿,,,hsk1
放,,,hsk1
放学,,,hsk1
教学楼,,,hsk1
日期,,,hsk1
早,,,hsk1
是不是,,,hsk1
晚,,,hsk1
有一些,,,hsk1
有时,,,hsk1
有的,,,hsk1
机票,,,hsk1
来到,,,hsk1
树,,,hsk1
楼下,,,hsk1
次,,,hsk1
歌,,,hsk1
正,,,hsk1
比,,,hsk1
毛,,,hsk1
没事儿,,,hsk1
没什么,,,hsk1
洗,,,hsk1
班,,,hsk1
球,,,hsk1
用,,,hsk1
电,,,hsk1
电视机,,,hsk1
男孩儿,,,hsk1
病,,,hsk1
看,,,hsk1
真的,,,hsk1
着,,,hsk1
睡,,,hsk1
站,,,hsk1
笑,,,hsk1
第,,,hsk1
第二,,,hsk1
网上,,,hsk1
网友,,,hsk1
老,,,hsk1
考,,,hsk1
能,,,hsk1
花,,,hsk1
行,,,hsk1
西,,,hsk1
记,,,hsk1
试,,,hsk1
话,,,hsk1
请问,,,hsk1
课,,,hsk1
课本,,,hsk1
跑,,,hsk1
跟,,,hsk1
路上,,,hsk1
路口,,,hsk1
身上,,,hsk1
车,,,hsk1
车票,,,hsk1
这边,,,hsk1
送,,,hsk1
那些,,,hsk1
那边,,,hsk1
雨,,,hsk1
面条儿,,,hsk1
页,,,hsk1
风,,,hsk1
飞,,,hsk1
一生,,,hsk2
一部分,,,hsk2
上周,,,hsk2
下周,,,hsk2
不一会儿,,,hsk2
不一定,,,hsk2
不久,,,hsk2
不同,,,hsk2
不够,,,hsk2
不太,,,hsk2
不如,,,hsk2
不少,,,hsk2
不满,,,hsk2
中小学,,,hsk2
中年,,,hsk2
中级,,,hsk2
为,,,hsk2
举,,,hsk2
举手,,,hsk2
云,,,hsk2
交,,,hsk2
交朋友,,,hsk2
交给,,,hsk2
人们,,,hsk2
人数,,,hsk2
亿,,,hsk2
什么样,,,hsk2
今后,,,hsk2
从小,,,hsk2
以下,,,hsk2
以外,,,hsk2
休假,,,hsk2
但,,,hsk2
低,,,hsk2
住房,,,hsk2
体育场,,,hsk2
作文,,,hsk2
作用,,,hsk2
使用,,,hsk2
例子,,,hsk2
信,,,hsk2
信心,,,hsk2
倒,,,hsk2
借,,,hsk2
做到,,,hsk2
做法,,,hsk2
做饭,,,hsk2
停,,,hsk2
克,,,hsk2
全,,,hsk2
全体,,,hsk2
全国,,,hsk2
全家,,,hsk2
全年,,,hsk2
全身,,,hsk2
全部,,,hsk2
公路,,,hsk2
其中,,,hsk2
养,,,hsk2
准确,,,hsk2
凉,,,hsk2
出国,,,hsk2
出租,,,hsk2
出院,,,hsk2
分开,,,hsk2
分数,,,hsk2
刚刚,,,hsk2
刻,,,hsk2
前年,,,hsk2
办,,,hsk2
动物园,,,hsk2
十分,,,hsk2
千克,,,hsk2
午睡,,,hsk2
午餐,,,hsk2
半夜,,,hsk2
单位,,,hsk2
占,,,hsk2
卡,,,hsk2
又,,,hsk2
友好,,,hsk2
发,,,hsk2
取,,,hsk2
变,,,hsk2
句,,,hsk2
只,,,hsk2
只能,,,hsk2
叫作,,,hsk2
可怕,,,hsk2
同时,,,hsk2
同样,,,hsk2
名,,,hsk2
名单,,,hsk2
名称,,,hsk2
听讲,,,hsk2
吹,,,hsk2
周,,,hsk2
咱,,,hsk2
响,,,hsk2
喊,,,hsk2
回国,,,hsk2
图片,,,hsk2
地球,,,hsk2
场,,,hsk2
坏人,,,hsk2
坏处,,,hsk2
外地,,,hsk2
多久,,,hsk2
多么,,,hsk2
多数,,,hsk2
夜,,,hsk2
夜里,,,hsk2
够,,,hsk2
大人,,,hsk2
大声,,,hsk2
大多数,,,hsk2
大大,,,hsk2
大海,,,hsk2
大自然,,,hsk2
大量,,,hsk2
大门,,,hsk2
天上,,,hsk2
好久,,,hsk2
好事,,,hsk2
好人,,,hsk2
好多,,,hsk2
家长,,,hsk2
对话,,,hsk2
封,,,hsk2
小声,,,hsk2
小时候,,,hsk2
小说,,,hsk2
少年,,,hsk2
少数,,,hsk2
就要,,,hsk2
市,,,hsk2
市长,,,hsk2
带,,,hsk2
带来,,,hsk2
常用,,,hsk2
常见,,,hsk2
干活儿,,,hsk2
平,,,hsk2
广场,,,hsk2
店,,,hsk2
度,,,hsk2
开机,,,hsk2
弄,,,hsk2
当,,,hsk2
影片,,,hsk2
往,,,hsk2
得,,,hsk2
得出,,,hsk2
心中,,,hsk2
心里,,,hsk2
快点儿,,,hsk2
快要,,,hsk2
快餐,,,hsk2
怎么办,,,hsk2
怎样,,,hsk2
怕,,,hsk2
想到,,,hsk2
想起,,,hsk2
懂得,,,hsk2
成,,,hsk2
或,,,hsk2
打篮球,,,hsk2
找出,,,hsk2
拉,,,hsk2
拿到,,,hsk2
挺,,,hsk2
挺好,,,hsk2
掉,,,hsk2
排,,,hsk2
接,,,hsk2
接下来,,,hsk2
接到,,,hsk2
接着,,,hsk2
推,,,hsk2
提,,,hsk2
提到,,,hsk2
收,,,hsk2
收到,,,hsk2
改,,,hsk2
放下,,,hsk2
教学,,,hsk2
教师,,,hsk2
斤,,,hsk2
方便面,,,hsk2
方面,,,hsk2
旅客,,,hsk2
日报,,,hsk2
早就,,,hsk2
早晨,,,hsk2
早餐,,,hsk2
明星,,,hsk2
星星,,,hsk2
晚会,,,hsk2
晚安,,,hsk2
晚报,,,hsk2
晚餐,,,hsk2
晴,,,hsk2
更,,,hsk2
月份,,,hsk2
有一点儿,,,hsk2
有人,,,hsk2
有空儿,,,hsk2
服务,,,hsk2
条,,,hsk2
正是,,,hsk2
段,,,hsk2
求,,,hsk2
油,,,hsk2
流,,,hsk2
海,,,hsk2
海边,,,hsk2
游客,,,hsk2
湖,,,hsk2
满,,,hsk2
灯,,,hsk2
点头,,,hsk2
熟,,,hsk2
爬,,,hsk2
片,,,hsk2
猫,,,hsk2
班长,,,hsk2
球场,,,hsk2
球队,,,hsk2
球鞋,,,hsk2
生,,,hsk2
画家,,,hsk2
留,,,hsk2
留下,,,hsk2
疼,,,hsk2
的话,,,hsk2
直接,,,hsk2
相同,,,hsk2
相机,,,hsk2
省,,,hsk2
眼,,,hsk2
短信,,,hsk2
碰,,,hsk2
碰到,,,hsk2
离,,,hsk2
科,,,hsk2
科学家,,,hsk2
租,,,hsk2
称,,,hsk2
站住,,,hsk2
笑话,,,hsk2
笑话儿,,,hsk2
笔记,,,hsk2
第一,,,hsk2
等于,,,hsk2
等到,,,hsk2
算,,,hsk2
篇,,,hsk2
级,,,hsk2
纸,,,hsk2
练,,,hsk2
组,,,hsk2
组长,,,hsk2
网,,,hsk2
老年,,,hsk2
老是,,,hsk2
老朋友,,,hsk2
考生,,,hsk2
脏,,,hsk2
船,,,hsk2
节,,,hsk2
花园,,,hsk2
草,,,hsk2
药水,,,hsk2
药片,,,hsk2
蛋,,,hsk2
街,,,hsk2
装,,,hsk2
西北,,,hsk2
西医,,,hsk2
西南,,,hsk2
见到,,,hsk2
见过,,,hsk2
角,,,hsk2
计算机,,,hsk2
让,,,hsk2
讲话,,,hsk2
许多,,,hsk2
词,,,hsk2
该,,,hsk2
请求,,,hsk2
读音,,,hsk2
课堂,,,hsk2
走开,,,hsk2
走过,,,hsk2
走进,,,hsk2
越,,,hsk2
越来越,,,hsk2
路边,,,hsk2
身边,,,hsk2
车辆,,,hsk2
轻,,,hsk2
辆,,,hsk2
边,,,hsk2
这时,,,hsk2
这时候,,,hsk2
进入,,,hsk2
送到,,,hsk2
送给,,,hsk2
选,,,hsk2
通,,,hsk2
遍,,,hsk2
道,,,hsk2
道路,,,hsk2
那会儿,,,hsk2
那时,,,hsk2
那时候,,,hsk2
那样,,,hsk2
里头,,,hsk2
重复,,,hsk2
重新,,,hsk2
银行卡,,,hsk2
闻,,,hsk2
队,,,hsk2
队长,,,hsk2
阴,,,hsk2
院,,,hsk2
院子,,,hsk2
院长,,,hsk2
随时,,,hsk2
难听,,,hsk2
难题,,,hsk2
雪,,,hsk2
青少年,,,hsk2
青年,,,hsk2
靠,,,hsk2
面,,,hsk2
面前,,,hsk2
鞋,,,hsk2
音节,,,hsk2
题,,,hsk2
食物,,,hsk2
饱,,,hsk2
骑车,,,hsk2
鸟,,,hsk2
一方面,,,hsk3
上升,,,hsk3
上去,,,hsk3
上来,,,hsk3
上面,,,hsk3
下去,,,hsk3
不仅,,,hsk3
不光,,,hsk3
不安,,,hsk3
不必,,,hsk3
不断,,,hsk3
不论,,,hsk3
专题,,,hsk3
世界杯,,,hsk3
世纪,,,hsk3
东部,,,hsk3
个性,,,hsk3
中华民族,,,hsk3
中部,,,hsk3
主张,,,hsk3
乐,,,hsk3
乐观,,,hsk3
乐队,,,hsk3
乱,,,hsk3
争取,,,hsk3
事业,,,hsk3
事件,,,hsk3
事实,,,hsk3
事实上,,,hsk3
事故,,,hsk3
交易,,,hsk3
交警,,,hsk3
交费,,,hsk3
亲人,,,hsk3
亲自,,,hsk3
人工,,,hsk3
人才,,,hsk3
人类,,,hsk3
人群,,,hsk3
仅,,,hsk3
仅仅,,,hsk3
仍,,,hsk3
付,,,hsk3
代,,,hsk3
代表,,,hsk3
代表团,,,hsk3
以来,,,hsk3
任,,,hsk3
会员,,,hsk3
伟大,,,hsk3
传,,,hsk3
传来,,,hsk3
伤,,,hsk3
体现,,,hsk3
作品,,,hsk3
保,,,hsk3
保安,,,hsk3
信任,,,hsk3
修,,,hsk3
值,,,hsk3
值得,,,hsk3
做客,,,hsk3
停止,,,hsk3
充满,,,hsk3
先进,,,hsk3
光,,,hsk3
光明,,,hsk3
全场,,,hsk3
全球,,,hsk3
全面,,,hsk3
公务员,,,hsk3
公布,,,hsk3
公开,,,hsk3
公民,,,hsk3
共同,,,hsk3
共有,,,hsk3
具有,,,hsk3
内,,,hsk3
内容,,,hsk3
内心,,,hsk3
农业,,,hsk3
冬,,,hsk3
决赛,,,hsk3
准,,,hsk3
凉水,,,hsk3
刀,,,hsk3
分组,,,hsk3
分配,,,hsk3
划船,,,hsk3
创业,,,hsk3
创作,,,hsk3
创造,,,hsk3
初,,,hsk3
初一,,,hsk3
初中,,,hsk3
初步,,,hsk3
初级,,,hsk3
判断,,,hsk3
制作,,,hsk3
制定,,,hsk3
前后,,,hsk3
前往,,,hsk3
前进,,,hsk3
剧场,,,hsk3
力,,,hsk3
功夫,,,hsk3
功能,,,hsk3
功课,,,hsk3
加工,,,hsk3
加强,,,hsk3
加快,,,hsk3
动人,,,hsk3
动力,,,hsk3
化,,,hsk3
北部,,,hsk3
区,,,hsk3
升,,,hsk3
华人,,,hsk3
单元,,,hsk3
南部,,,hsk3
危害,,,hsk3
厂,,,hsk3
压,,,hsk3
压力,,,hsk3
去世,,,hsk3
双,,,hsk3
反对,,,hsk3
反正,,,hsk3
发出,,,hsk3
发动,,,hsk3
发明,,,hsk3
发言,,,hsk3
发达,,,hsk3
发送,,,hsk3
受,,,hsk3
受伤,,,hsk3
变为,,,hsk3
古,,,hsk3
另一方面,,,hsk3
只好,,,hsk3
只有,,,hsk3
台,,,hsk3
各,,,hsk3
各位,,,hsk3
各地,,,hsk3
各种,,,hsk3
各自,,,hsk3
合,,,hsk3
后年,,,hsk3
后果,,,hsk3
否定,,,hsk3
否认,,,hsk3
吵,,,hsk3
告别,,,hsk3
员,,,hsk3
员工,,,hsk3
哈哈,,,hsk3
因此,,,hsk3
团,,,hsk3
团体,,,hsk3
团结,,,hsk3
困,,,hsk3
围,,,hsk3
国内,,,hsk3
国庆,,,hsk3
图,,,hsk3
图画,,,hsk3
地区,,,hsk3
城,,,hsk3
基本上,,,hsk3
增长,,,hsk3
声明,,,hsk3
复印,,,hsk3
夏,,,hsk3
外交,,,hsk3
外文,,,hsk3
失去,,,hsk3
头脑,,,hsk3
女子,,,hsk3
奶茶,,,hsk3
好好,,,hsk3
始终,,,hsk3
子女,,,hsk3
存,,,hsk3
存在,,,hsk3
学费,,,hsk3
安装,,,hsk3
完整,,,hsk3
定期,,,hsk3
实行,,,hsk3
实际上,,,hsk3
实验,,,hsk3
实验室,,,hsk3
宣布,,,hsk3
室,,,hsk3
家乡,,,hsk3
富,,,hsk3
对待,,,hsk3
导演,,,hsk3
将近,,,hsk3
就业,,,hsk3
属,,,hsk3
工业,,,hsk3
工资,,,hsk3
巧,,,hsk3
已,,,hsk3
布,,,hsk3
带动,,,hsk3
干吗,,,hsk3
年代,,,hsk3
年初,,,hsk3
年底,,,hsk3
年纪,,,hsk3
并,,,hsk3
广大,,,hsk3
庆祝,,,hsk3
应当,,,hsk3
底下,,,hsk3
建,,,hsk3
建成,,,hsk3
开业,,,hsk3
开展,,,hsk3
开放,,,hsk3
强,,,hsk3
强大,,,hsk3
强调,,,hsk3
当中,,,hsk3
当初,,,hsk3
当地,,,hsk3
录,,,hsk3
录音,,,hsk3
形式,,,hsk3
形成,,,hsk3
影视,,,hsk3
得分,,,hsk3
必然,,,hsk3
志愿,,,hsk3
快速,,,hsk3
念,,,hsk3
性,,,hsk3
总,,,hsk3
情感,,,hsk3
意外,,,hsk3
愿望,,,hsk3
慢慢,,,hsk3
成员,,,hsk3
成果,,,hsk3
成长,,,hsk3
房屋,,,hsk3
所,,,hsk3
所长,,,hsk3
打破,,,hsk3
把,,,hsk3
抓,,,hsk3
抓住,,,hsk3
报到,,,hsk3
报道,,,hsk3
拍,,,hsk3
指,,,hsk3
指出,,,hsk3
指导,,,hsk3
按,,,hsk3
排名,,,hsk3
接待,,,hsk3
接近,,,hsk3
推动,,,hsk3
推广,,,hsk3
推开,,,hsk3
推进,,,hsk3
提问,,,hsk3
握手,,,hsk3
搬,,,hsk3
播出,,,hsk3
支,,,hsk3
收听,,,hsk3
收看,,,hsk3
收费,,,hsk3
收音机,,,hsk3
改造,,,hsk3
放到,,,hsk3
故乡,,,hsk3
救,,,hsk3
敢,,,hsk3
整,,,hsk3
整个,,,hsk3
整体,,,hsk3
整天,,,hsk3
整整,,,hsk3
文件,,,hsk3
文明,,,hsk3
断,,,hsk3
日常,,,hsk3
早已,,,hsk3
时,,,hsk3
时代,,,hsk3
时刻,,,hsk3
明显,,,hsk3
明确,,,hsk3
春,,,hsk3
显然,,,hsk3
普遍,,,hsk3
更加,,,hsk3
曾经,,,hsk3
有利,,,hsk3
有的是,,,hsk3
朝,,,hsk3
期,,,hsk3
木头,,,hsk3
机器,,,hsk3
村,,,hsk3
束,,,hsk3
板,,,hsk3
架,,,hsk3
某,,,hsk3
标题,,,hsk3
桥,,,hsk3
歌声,,,hsk3
歌手,,,hsk3
歌迷,,,hsk3
步,,,hsk3
死,,,hsk3
民间,,,hsk3
沙子,,,hsk3
没用,,,hsk3
活,,,hsk3
派,,,hsk3
浪费,,,hsk3
深入,,,hsk3
深刻,,,hsk3
游,,,hsk3
游戏,,,hsk3
演,,,hsk3
演唱,,,hsk3
演唱会,,,hsk3
火,,,hsk3
烟,,,hsk3
热烈,,,hsk3
热爱,,,hsk3
照,,,hsk3
熟人,,,hsk3
爱心,,,hsk3
状态,,,hsk3
环,,,hsk3
环保,,,hsk3
现代化,,,hsk3
球迷,,,hsk3
甜,,,hsk3
生命,,,hsk3
生存,,,hsk3
生长,,,hsk3
由,,,hsk3
电台,,,hsk3
电子,,,hsk3
电视台,,,hsk3
男子,,,hsk3
痛,,,hsk3
痛苦,,,hsk3
皮,,,hsk3
皮包,,,hsk3
目标,,,hsk3
直,,,hsk3
直到,,,hsk3
相互,,,hsk3
相似,,,hsk3
相关,,,hsk3
相比,,,hsk3
看上去,,,hsk3
真实,,,hsk3
眼前,,,hsk3
短期,,,hsk3
石头,,,hsk3
石油,,,hsk3
破,,,hsk3
确保,,,hsk3
祝,,,hsk3
票价,,,hsk3
福,,,hsk3
离婚,,,hsk3
秋,,,hsk3
种,,,hsk3
种子,,,hsk3
积极性,,,hsk3
称为,,,hsk3
空,,,hsk3
空儿,,,hsk3
突出,,,hsk3
立刻,,,hsk3
等待,,,hsk3
管,,,hsk3
管理,,,hsk3
类,,,hsk3
类似,,,hsk3
紧急,,,hsk3
红酒,,,hsk3
约,,,hsk3
纪录,,,hsk3
组合,,,hsk3
结合,,,hsk3
结实,,,hsk3
绝对,,,hsk3
缺,,,hsk3
缺少,,,hsk3
美好,,,hsk3
群,,,hsk3
老太太,,,hsk3
老头儿,,,hsk3
老百姓,,,hsk3
考验,,,hsk3
者,,,hsk3
职工,,,hsk3
联合,,,hsk3
联合国,,,hsk3
背后,,,hsk3
胖,,,hsk3
胜,,,hsk3
能不能,,,hsk3
自主,,,hsk3
自从,,,hsk3
自动,,,hsk3
自觉,,,hsk3
自身,,,hsk3
至今,,,hsk3
至少,,,hsk3
舞台,,,hsk3
节约,,,hsk3
营养,,,hsk3
血,,,hsk3
补,,,hsk3
补充,,,hsk3
表明,,,hsk3
表面,,,hsk3
被,,,hsk3
西部,,,hsk3
观看,,,hsk3
规范,,,hsk3
解开,,,hsk3
计算,,,hsk3
订,,,hsk3
认出,,,hsk3
认得,,,hsk3
设立,,,hsk3
证,,,hsk3
证件,,,hsk3
证明,,,hsk3
试题,,,hsk3
试验,,,hsk3
话剧,,,hsk3
请教,,,hsk3
读者,,,hsk3
调,,,hsk3
调查,,,hsk3
谈,,,hsk3
谈话,,,hsk3
责任,,,hsk3
费,,,hsk3
赢,,,hsk3
赶,,,hsk3
赶到,,,hsk3
赶快,,,hsk3
赶紧,,,hsk3
超级,,,hsk3
足够,,,hsk3
路线,,,hsk3
跳,,,hsk3
跳远,,,hsk3
跳高,,,hsk3
身份证,,,hsk3
转,,,hsk3
转变,,,hsk3
较,,,hsk3
输,,,hsk3
达到,,,hsk3
迎接,,,hsk3
近期,,,hsk3
进一步,,,hsk3
进展,,,hsk3
连,,,hsk3
连续,,,hsk3
连续剧,,,hsk3
迷,,,hsk3
追,,,hsk3
退出,,,hsk3
适用,,,hsk3
选手,,,hsk3
通信,,,hsk3
通常,,,hsk3
速度,,,hsk3
造,,,hsk3
邮箱,,,hsk3
部,,,hsk3
部长,,,hsk3
配,,,hsk3
采取,,,hsk3
采用,,,hsk3
里面,,,hsk3
重大,,,hsk3
金牌,,,hsk3
铁,,,hsk3
铁路,,,hsk3
银牌,,,hsk3
长处,,,hsk3
长期,,,hsk3
队员,,,hsk3
防,,,hsk3
防止,,,hsk3
随,,,hsk3
难度,,,hsk3
难道,,,hsk3
集体,,,hsk3
需求,,,hsk3
静,,,hsk3
顿,,,hsk3
预计,,,hsk3
预防,,,hsk3
领,,,hsk3
领先,,,hsk3
风险,,,hsk3
食品,,,hsk3
香,,,hsk3
高速,,,hsk3
高速公路,,,hsk3
齐,,,hsk3
龙,,,hsk3
一再,,,hsk4
一律,,,hsk4
一致,,,hsk4
一般来说,,,hsk4
上个月,,,hsk4
上楼,,,hsk4
上门,,,hsk4
下个月,,,hsk4
下楼,,,hsk4
下降,,,hsk4
不在乎,,,hsk4
不要紧,,,hsk4
两边,,,hsk4
严,,,hsk4
个体,,,hsk4
个别,,,hsk4
中介,,,hsk4
中奖,,,hsk4
主题,,,hsk4
义务,,,hsk4
之一,,,hsk4
之前,,,hsk4
之后,,,hsk4
之间,,,hsk4
乐趣,,,hsk4
争论,,,hsk4
事物,,,hsk4
二手,,,hsk4
五颜六色,,,hsk4
亚运会,,,hsk4
产品,,,hsk4
亲密,,,hsk4
亲爱,,,hsk4
人家,,,hsk4
从此,,,hsk4
代替,,,hsk4
以内,,,hsk4
以及,,,hsk4
优良,,,hsk4
伙,,,hsk4
伙伴,,,hsk4
伞,,,hsk4
伤害,,,hsk4
似乎,,,hsk4
似的,,,hsk4
位于,,,hsk4
体检,,,hsk4
体重,,,hsk4
作为,,,hsk4
作出,,,hsk4
使劲,,,hsk4
供应,,,hsk4
依然,,,hsk4
促使,,,hsk4
促进,,,hsk4
保密,,,hsk4
俩,,,hsk4
倍,,,hsk4
倒车,,,hsk4
停下,,,hsk4
充电,,,hsk4
光临,,,hsk4
共,,,hsk4
关闭,,,hsk4
兵,,,hsk4
其余,,,hsk4
具备,,,hsk4
典型,,,hsk4
内部,,,hsk4
再三,,,hsk4
冬季,,,hsk4
冰,,,hsk4
冰雪,,,hsk4
冷静,,,hsk4
减少,,,hsk4
出售,,,hsk4
出色,,,hsk4
分为,,,hsk4
分布,,,hsk4
分手,,,hsk4
分散,,,hsk4
切,,,hsk4
划,,,hsk4
列为,,,hsk4
列入,,,hsk4
利益,,,hsk4
制订,,,hsk4
刷子,,,hsk4
刺,,,hsk4
前头,,,hsk4
加入,,,hsk4
加油站,,,hsk4
动摇,,,hsk4
动画片,,,hsk4
勇敢,,,hsk4
医疗,,,hsk4
单,,,hsk4
单独,,,hsk4
单纯,,,hsk4
即将,,,hsk4
却,,,hsk4
卷,,,hsk4
厚,,,hsk4
原则,,,hsk4
原料,,,hsk4
县,,,hsk4
反而,,,hsk4
受不了,,,hsk4
召开,,,hsk4
可见,,,hsk4
台上,,,hsk4
台阶,,,hsk4
吃惊,,,hsk4
各个,,,hsk4
名人,,,hsk4
名牌儿,,,hsk4
后头,,,hsk4
含,,,hsk4
含义,,,hsk4
含有,,,hsk4
含量,,,hsk4
吸,,,hsk4
吸收,,,hsk4
吸管,,,hsk4
呀,,,hsk4
味儿,,,hsk4
呼吸,,,hsk4
咸,,,hsk4
品质,,,hsk4
唱片,,,hsk4
喜爱,,,hsk4
回复,,,hsk4
固定,,,hsk4
图案,,,hsk4
圆,,,hsk4
圆满,,,hsk4
圈,,,hsk4
土地,,,hsk4
在乎,,,hsk4
在于,,,hsk4
地下,,,hsk4
地面,,,hsk4
坚固,,,hsk4
型,,,hsk4
型号,,,hsk4
培育,,,hsk4
培训班,,,hsk4
堵,,,hsk4
塑料,,,hsk4
填,,,hsk4
填空,,,hsk4
处,,,hsk4
处于,,,hsk4
复制,,,hsk4
夏季,,,hsk4
外交官,,,hsk4
外汇,,,hsk4
多年,,,hsk4
多样,,,hsk4
多次,,,hsk4
多种,,,hsk4
大会,,,hsk4
大哥,,,hsk4
大多,,,hsk4
大妈,,,hsk4
大姐,,,hsk4
大巴,,,hsk4
大楼,,,hsk4
大爷,,,hsk4
大规模,,,hsk4
大陆,,,hsk4
天真,,,hsk4
夫人,,,hsk4
夫妇,,,hsk4
失业,,,hsk4
奋斗,,,hsk4
奖,,,hsk4
奖金,,,hsk4
套餐,,,hsk4
好友,,,hsk4
婚礼,,,hsk4
字母,,,hsk4
孙女,,,hsk4
孙子,,,hsk4
季,,,hsk4
季度,,,hsk4
学分,,,hsk4
学年,,,hsk4
学时,,,hsk4
学术,,,hsk4
学问,,,hsk4
宁静,,,hsk4
守,,,hsk4
安,,,hsk4
安置,,,hsk4
官,,,hsk4
官方,,,hsk4
定,,,hsk4
宝,,,hsk4
宝宝,,,hsk4
宝石,,,hsk4
家务,,,hsk4
宽广,,,hsk4
密,,,hsk4
密切,,,hsk4
寒冷,,,hsk4
对于,,,hsk4
对付,,,hsk4
导致,,,hsk4
封闭,,,hsk4
小伙子,,,hsk4
小型,,,hsk4
尺,,,hsk4
尺寸,,,hsk4
局,,,hsk4
巨大,,,hsk4
巴士,,,hsk4
市区,,,hsk4
帅,,,hsk4
帅哥,,,hsk4
常识,,,hsk4
平稳,,,hsk4
平静,,,hsk4
应,,,hsk4
底,,,hsk4
度过,,,hsk4
延期,,,hsk4
延续,,,hsk4
开水,,,hsk4
开花,,,hsk4
引,,,hsk4
引导,,,hsk4
引进,,,hsk4
弯,,,hsk4
弱,,,hsk4
归,,,hsk4
形势,,,hsk4
影子,,,hsk4
微笑,,,hsk4
心理,,,hsk4
快递,,,hsk4
怀念,,,hsk4
怀疑,,,hsk4
性质,,,hsk4
怪,,,hsk4
总之,,,hsk4
总共,,,hsk4
总理,,,hsk4
恶心,,,hsk4
想象,,,hsk4
成人,,,hsk4
或许,,,hsk4
战争,,,hsk4
战士,,,hsk4
战斗,,,hsk4
战胜,,,hsk4
戴,,,hsk4
户,,,hsk4
手工,,,hsk4
手里,,,hsk4
打败,,,hsk4
打雷,,,hsk4
扩展,,,hsk4
扫,,,hsk4
批,,,hsk4
承担,,,hsk4
抄,,,hsk4
抓紧,,,hsk4
投,,,hsk4
投入,,,hsk4
投诉,,,hsk4
折,,,hsk4
抱,,,hsk4
抽,,,hsk4
抽奖,,,hsk4
抽烟,,,hsk4
担任,,,hsk4
担保,,,hsk4
拉开,,,hsk4
招呼,,,hsk4
括号,,,hsk4
指挥,,,hsk4
挑,,,hsk4
挑战,,,hsk4
挑选,,,hsk4
排列,,,hsk4
推销,,,hsk4
描写,,,hsk4
描述,,,hsk4
提醒,,,hsk4
摆,,,hsk4
摆动,,,hsk4
摆脱,,,hsk4
摇,,,hsk4
摸,,,hsk4
操作,,,hsk4
擦,,,hsk4
收回,,,hsk4
收益,,,hsk4
改正,,,hsk4
放暑假,,,hsk4
放松,,,hsk4
教训,,,hsk4
散,,,hsk4
数码,,,hsk4
新型,,,hsk4
新郎,,,hsk4
方,,,hsk4
方针,,,hsk4
无,,,hsk4
无数,,,hsk4
无法,,,hsk4
无论,,,hsk4
无限,,,hsk4
既,,,hsk4
春季,,,hsk4
是否,,,hsk4
显著,,,hsk4
晒,,,hsk4
智力,,,hsk4
智能,,,hsk4
暗,,,hsk4
暗示,,,hsk4
曾,,,hsk4
替,,,hsk4
替代,,,hsk4
最初,,,hsk4
月底,,,hsk4
有劲儿,,,hsk4
有限,,,hsk4
期中,,,hsk4
期待,,,hsk4
期末,,,hsk4
期限,,,hsk4
未必,,,hsk4
末,,,hsk4
本科,,,hsk4
机构,,,hsk4
机遇,,,hsk4
材料,,,hsk4
来得及,,,hsk4
来源,,,hsk4
松,,,hsk4
松树,,,hsk4
极,,,hsk4
极其,,,hsk4
构成,,,hsk4
构造,,,hsk4
树叶,,,hsk4
树林,,,hsk4
根,,,hsk4
格外,,,hsk4
梦,,,hsk4
检测,,,hsk4
棵,,,hsk4
植物,,,hsk4
楼梯,,,hsk4
概括,,,hsk4
模型,,,hsk4
模特儿,,,hsk4
此,,,hsk4
此外,,,hsk4
步行,,,hsk4
比分,,,hsk4
毕业生,,,hsk4
毫升,,,hsk4
毫米,,,hsk4
气球,,,hsk4
汇,,,hsk4
汇报,,,hsk4
江,,,hsk4
沉,,,hsk4
沉重,,,hsk4
沉默,,,hsk4
没想到,,,hsk4
没法儿,,,hsk4
治,,,hsk4
法,,,hsk4
法官,,,hsk4
法院,,,hsk4
泪水,,,hsk4
测,,,hsk4
测试,,,hsk4
测量,,,hsk4
浓,,,hsk4
海水,,,hsk4
海鲜,,,hsk4
消化,,,hsk4
淡,,,hsk4
深厚,,,hsk4
渐渐,,,hsk4
湿,,,hsk4
演讲,,,hsk4
潮,,,hsk4
潮流,,,hsk4
灯光,,,hsk4
点名,,,hsk4
烧,,,hsk4
热心,,,hsk4
熟练,,,hsk4
燃料,,,hsk4
燃烧,,,hsk4
爱国,,,hsk4
片面,,,hsk4
牌,,,hsk4
牙,,,hsk4
特征,,,hsk4
特殊,,,hsk4
独自,,,hsk4
猴子,,,hsk4
率先,,,hsk4
玉,,,hsk4
王,,,hsk4
瓜,,,hsk4
用途,,,hsk4
电动车,,,hsk4
电源,,,hsk4
电灯,,,hsk4
男士,,,hsk4
男女,,,hsk4
疑问,,,hsk4
疗养,,,hsk4
痛快,,,hsk4
登,,,hsk4
登山,,,hsk4
百货,,,hsk4
盐,,,hsk4
盖,,,hsk4
盘,,,hsk4
相处,,,hsk4
看望,,,hsk4
眼泪,,,hsk4
眼里,,,hsk4
着火,,,hsk4
睡着,,,hsk4
矮小,,,hsk4
研制,,,hsk4
祝福,,,hsk4
神秘,,,hsk4
神话,,,hsk4
离不开,,,hsk4
秋季,,,hsk4
种植,,,hsk4
秘密,,,hsk4
积累,,,hsk4
移,,,hsk4
移动,,,hsk4
移民,,,hsk4
稳,,,hsk4
穷,,,hsk4
穷人,,,hsk4
空间,,,hsk4
穿上,,,hsk4
窗台,,,hsk4
窗子,,,hsk4
立即,,,hsk4
童年,,,hsk4
童话,,,hsk4
符号,,,hsk4
笨,,,hsk4
箱,,,hsk4
类型,,,hsk4
粗,,,hsk4
系列,,,hsk4
系统,,,hsk4
紧密,,,hsk4
红包,,,hsk4
纪律,,,hsk4
纯,,,hsk4
纯净水,,,hsk4
纷纷,,,hsk4
细,,,hsk4
细致,,,hsk4
经典,,,hsk4
结,,,hsk4
统计,,,hsk4
维修,,,hsk4
维持,,,hsk4
综合,,,hsk4
缓解,,,hsk4
编,,,hsk4
缩小,,,hsk4
缩短,,,hsk4
网址,,,hsk4
美金,,,hsk4
老婆,,,hsk4
老家,,,hsk4
老虎,,,hsk4
而是,,,hsk4
耳机,,,hsk4
聚,,,hsk4
肥,,,hsk4
背景,,,hsk4
胖子,,,hsk4
胸部,,,hsk4
能干,,,hsk4
脑袋,,,hsk4
脱,,,hsk4
自,,,hsk4
舒适,,,hsk4
良好,,,hsk4
色,,,hsk4
色彩,,,hsk4
苦,,,hsk4
英勇,,,hsk4
药物,,,hsk4
获,,,hsk4
获取,,,hsk4
获奖,,,hsk4
落,,,hsk4
著作,,,hsk4
薄,,,hsk4
虫子,,,hsk4
袋,,,hsk4
被迫,,,hsk4
装置,,,hsk4
规模,,,hsk4
角色,,,hsk4
议论,,,hsk4
记载,,,hsk4
试卷,,,hsk4
诗,,,hsk4
诗人,,,hsk4
说不定,,,hsk4
败,,,hsk4
货,,,hsk4
贴,,,hsk4
赞助,,,hsk4
赞赏,,,hsk4
赢得,,,hsk4
趋势,,,hsk4
身份,,,hsk4
身材,,,hsk4
身高,,,hsk4
躺,,,hsk4
转动,,,hsk4
转弯,,,hsk4
转移,,,hsk4
转身,,,hsk4
轮,,,hsk4
轮子,,,hsk4
轮椅,,,hsk4
轮船,,,hsk4
轻易,,,hsk4
辣,,,hsk4
迅速,,,hsk4
过分,,,hsk4
运动会,,,hsk4
运动员,,,hsk4
运用,,,hsk4
近代,,,hsk4
迫切,,,hsk4
透,,,hsk4
逐步,,,hsk4
逐渐,,,hsk4
途中,,,hsk4
通知书,,,hsk4
逛,,,hsk4
造型,,,hsk4
遇,,,hsk4
遇见,,,hsk4
遗产,,,hsk4
遗传,,,hsk4
避,,,hsk4
避免,,,hsk4
酸,,,hsk4
酸奶,,,hsk4
醒,,,hsk4
重量,,,hsk4
量,,,hsk4
针,,,hsk4
销售,,,hsk4
镜头,,,hsk4
长途,,,hsk4
闪,,,hsk4
闹,,,hsk4
闹钟,,,hsk4
阳台,,,hsk4
阵,,,hsk4
阶段,,,hsk4
阻止,,,hsk4
陆地,,,hsk4
陆续,,,hsk4
降,,,hsk4
降价,,,hsk4
降低,,,hsk4
降温,,,hsk4
降落,,,hsk4
随手,,,hsk4
隔,,,hsk4
隔开,,,hsk4
难免,,,hsk4
零食,,,hsk4
青春,,,hsk4
非,,,hsk4
面临,,,hsk4
顶,,,hsk4
项,,,hsk4
预测,,,hsk4
首,,,hsk4
高价,,,hsk4
高尚,,,hsk4
高潮,,,hsk4
高铁,,,hsk4
鲜,,,hsk4
鲜明,,,hsk4
黄金,,,hsk4
黑暗,,,hsk4
默默,,,hsk4
一下子,,,hsk5
一口气,,,hsk5
一句话,,,hsk5
一向,,,hsk5
一带,,,hsk5
一流,,,hsk5
一路,,,hsk5
一身,,,hsk5
上下,,,hsk5
上涨,,,hsk5
上级,,,hsk5
不停,,,hsk5
不免,,,hsk5
不利,,,hsk5
不幸,,,hsk5
不得了,,,hsk5
不敢当,,,hsk5
不时,,,hsk5
不易,,,hsk5
不曾,,,hsk5
不止,,,hsk5
不耐烦,,,hsk5
不能不,,,hsk5
不良,,,hsk5
不许,,,hsk5
不足,,,hsk5
不顾,,,hsk5
丑,,,hsk5
专辑,,,hsk5
丢,,,hsk5
严厉,,,hsk5
个儿,,,hsk5
中央,,,hsk5
中断,,,hsk5
中毒,,,hsk5
丰收,,,hsk5
为主,,,hsk5
为期,,,hsk5
为止,,,hsk5
为难,,,hsk5
主体,,,hsk5
主办,,,hsk5
主导,,,hsk5
主管,,,hsk5
主观,,,hsk5
举动,,,hsk5
之下,,,hsk5
之中,,,hsk5
之内,,,hsk5
之外,,,hsk5
乘车,,,hsk5
乙,,,hsk5
也好,,,hsk5
乡,,,hsk5
乡村,,,hsk5
书柜,,,hsk5
书桌,,,hsk5
二维码,,,hsk5
亏,,,hsk5
亚军,,,hsk5
产业,,,hsk5
人力,,,hsk5
人士,,,hsk5
人物,,,hsk5
人间,,,hsk5
今日,,,hsk5
仍旧,,,hsk5
从中,,,hsk5
代价,,,hsk5
令,,,hsk5
以往,,,hsk5
众多,,,hsk5
优先,,,hsk5
会谈,,,hsk5
传达,,,hsk5
传递,,,hsk5
伸,,,hsk5
低于,,,hsk5
体力,,,hsk5
体积,,,hsk5
使劲儿,,,hsk5
使得,,,hsk5
例外,,,hsk5
依据,,,hsk5
依旧,,,hsk5
依法,,,hsk5
依照,,,hsk5
便于,,,hsk5
便利,,,hsk5
便条,,,hsk5
保卫,,,hsk5
信念,,,hsk5
信箱,,,hsk5
修复,,,hsk5
倒是,,,hsk5
倡导,,,hsk5
值班,,,hsk5
停留,,,hsk5
健全,,,hsk5
偶像,,,hsk5
偶尔,,,hsk5
偷,,,hsk5
偷偷,,,hsk5
傻,,,hsk5
儿女,,,hsk5
充足,,,hsk5
先前,,,hsk5
先后,,,hsk5
光线,,,hsk5
光荣,,,hsk5
兔子,,,hsk5
入门,,,hsk5
全世界,,,hsk5
全都,,,hsk5
公告,,,hsk5
公认,,,hsk5
共享,,,hsk5
共计,,,hsk5
关怀,,,hsk5
其,,,hsk5
典礼,,,hsk5
内在,,,hsk5
册,,,hsk5
再也,,,hsk5
再次,,,hsk5
冒,,,hsk5
军人,,,hsk5
农产品,,,hsk5
决不,,,hsk5
冻,,,hsk5
减轻,,,hsk5
凭,,,hsk5
出于,,,hsk5
出汗,,,hsk5
出版,,,hsk5
分享,,,hsk5
分成,,,hsk5
分离,,,hsk5
分类,,,hsk5
分解,,,hsk5
划分,,,hsk5
创立,,,hsk5
初期,,,hsk5
到来,,,hsk5
制成,,,hsk5
制约,,,hsk5
前提,,,hsk5
前景,,,hsk5
剧本,,,hsk5
剩,,,hsk5
剩下,,,hsk5
剪,,,hsk5
剪子,,,hsk5
加上,,,hsk5
加以,,,hsk5
加热,,,hsk5
加速,,,hsk5
动员,,,hsk5
动态,,,hsk5
动机,,,hsk5
助手,,,hsk5
劳动,,,hsk5
势力,,,hsk5
包围,,,hsk5
化石,,,hsk5
北极,,,hsk5
匹,,,hsk5
十足,,,hsk5
升高,,,hsk5
华语,,,hsk5
协议书,,,hsk5
单一,,,hsk5
南北,,,hsk5
南极,,,hsk5
博客,,,hsk5
博览会,,,hsk5
占领,,,hsk5
卫星,,,hsk5
印刷,,,hsk5
厅,,,hsk5
原先,,,hsk5
原始,,,hsk5
原有,,,hsk5
原理,,,hsk5
叉,,,hsk5
双手,,,hsk5
发射,,,hsk5
发布,,,hsk5
发行,,,hsk5
发觉,,,hsk5
受灾,,,hsk5
变动,,,hsk5
口号,,,hsk5
古老,,,hsk5
只不过,,,hsk5
只见,,,hsk5
可,,,hsk5
可怜,,,hsk5
台风,,,hsk5
号召,,,hsk5
吃力,,,hsk5
合并,,,hsk5
合成,,,hsk5
吐,,,hsk5
向上,,,hsk5
向前,,,hsk5
吓,,,hsk5
吨,,,hsk5
启事,,,hsk5
启动,,,hsk5
呆,,,hsk5
周期,,,hsk5
命令,,,hsk5
咬,,,hsk5
咳,,,hsk5
品,,,hsk5
品种,,,hsk5
哈,,,hsk5
商标,,,hsk5
喜剧,,,hsk5
喷,,,hsk5
四周,,,hsk5
回信,,,hsk5
回头,,,hsk5
回报,,,hsk5
回收,,,hsk5
回避,,,hsk5
回顾,,,hsk5
因而,,,hsk5
团长,,,hsk5
园林,,,hsk5
困扰,,,hsk5
围绕,,,hsk5
固体,,,hsk5
国民,,,hsk5
在内,,,hsk5
在场,,,hsk5
地带,,,hsk5
地形,,,hsk5
场面,,,hsk5
坚定,,,hsk5
城里,,,hsk5
基地,,,hsk5
基金,,,hsk5
堆,,,hsk5
增,,,hsk5
增产,,,hsk5
增多,,,hsk5
增大,,,hsk5
增强,,,hsk5
声,,,hsk5
处在,,,hsk5
处罚,,,hsk5
外界,,,hsk5
夜间,,,hsk5
大事,,,hsk5
大于,,,hsk5
大伙儿,,,hsk5
大厅,,,hsk5
大奖赛,,,hsk5
大熊猫,,,hsk5
大纲,,,hsk5
大脑,,,hsk5
大致,,,hsk5
大象,,,hsk5
大都,,,hsk5
天文,,,hsk5
天然气,,,hsk5
太空,,,hsk5
失误,,,hsk5
夹,,,hsk5
夹子,,,hsk5
女性,,,hsk5
好运,,,hsk5
如下,,,hsk5
如同,,,hsk5
如此,,,hsk5
子弹,,,hsk5
存款,,,hsk5
学科,,,hsk5
学者,,,hsk5
安慰,,,hsk5
完了,,,hsk5
实惠,,,hsk5
害,,,hsk5
宽度,,,hsk5
对应,,,hsk5
对立,,,hsk5
寻求,,,hsk5
射,,,hsk5
射击,,,hsk5
将,,,hsk5
将要,,,hsk5
小偷,,,hsk5
小偷儿,,,hsk5
尝,,,hsk5
尝试,,,hsk5
尽可能,,,hsk5
局长,,,hsk5
局面,,,hsk5
层次,,,hsk5
届,,,hsk5
屋,,,hsk5
展现,,,hsk5
展览,,,hsk5
山区,,,hsk5
岁月,,,hsk5
岸,,,hsk5
岸上,,,hsk5
工作日,,,hsk5
工艺,,,hsk5
工艺品,,,hsk5
差一点儿,,,hsk5
差别,,,hsk5
差点儿,,,hsk5
差距,,,hsk5
带有,,,hsk5
幅,,,hsk5
幅度,,,hsk5
干扰,,,hsk5
干预,,,hsk5
平原,,,hsk5
平坦,,,hsk5
年前,,,hsk5
年度,,,hsk5
年龄,,,hsk5
广,,,hsk5
广泛,,,hsk5
库,,,hsk5
延伸,,,hsk5
建筑,,,hsk5
开幕,,,hsk5
开幕式,,,hsk5
式,,,hsk5
弹,,,hsk5
强度,,,hsk5
强迫,,,hsk5
当代,,,hsk5
当前,,,hsk5
当场,,,hsk5
当年,,,hsk5
当选,,,hsk5
形态,,,hsk5
彩票,,,hsk5
彼此,,,hsk5
待,,,hsk5
得了,,,hsk5
得以,,,hsk5
心态,,,hsk5
心疼,,,hsk5
必,,,hsk5
必需,,,hsk5
忍,,,hsk5
忍不住,,,hsk5
忍受,,,hsk5
快活,,,hsk5
思维,,,hsk5
性能,,,hsk5
怨,,,hsk5
总体,,,hsk5
总数,,,hsk5
总算,,,hsk5
恋爱,,,hsk5
恨,,,hsk5
悄悄,,,hsk5
悲剧,,,hsk5
情形,,,hsk5
情节,,,hsk5
愁,,,hsk5
意味着,,,hsk5
意志,,,hsk5
感想,,,hsk5
愿,,,hsk5
慌忙,,,hsk5
慰问,,,hsk5
戏,,,hsk5
戏剧,,,hsk5
成交,,,hsk5
成效,,,hsk5
戒,,,hsk5
或是,,,hsk5
所在,,,hsk5
扇,,,hsk5
扇子,,,hsk5
手段,,,hsk5
手法,,,hsk5
打击,,,hsk5
打包,,,hsk5
打扮,,,hsk5
打扰,,,hsk5
打架,,,hsk5
扔,,,hsk5
扮演,,,hsk5
扶,,,hsk5
承办,,,hsk5
抢,,,hsk5
抢救,,,hsk5
报答,,,hsk5
报警,,,hsk5
披,,,hsk5
抬,,,hsk5
抬头,,,hsk5
拆,,,hsk5
拆除,,,hsk5
拍摄,,,hsk5
招手,,,hsk5
招生,,,hsk5
拥抱,,,hsk5
拥有,,,hsk5
拼,,,hsk5
拾,,,hsk5
指标,,,hsk5
指示,,,hsk5
按摩,,,hsk5
挡,,,hsk5
振动,,,hsk5
损害,,,hsk5
排除,,,hsk5
接连,,,hsk5
推行,,,hsk5
提示,,,hsk5
提纲,,,hsk5
提起,,,hsk5
插,,,hsk5
握,,,hsk5
搜,,,hsk5
搜索,,,hsk5
搞,,,hsk5
搞好,,,hsk5
摄像,,,hsk5
摄像机,,,hsk5
摄影师,,,hsk5
摇头,,,hsk5
摔,,,hsk5
摔倒,,,hsk5
摘,,,hsk5
摩托,,,hsk5
摩托车,,,hsk5
摩擦,,,hsk5
撞,,,hsk5
支配,,,hsk5
收购,,,hsk5
收集,,,hsk5
放大,,,hsk5
敏感,,,hsk5
救灾,,,hsk5
散文,,,hsk5
数目,,,hsk5
敲,,,hsk5
敲门,,,hsk5
文艺,,,hsk5
斜,,,hsk5
旁,,,hsk5
无疑,,,hsk5
早期,,,hsk5
时事,,,hsk5
时光,,,hsk5
时常,,,hsk5
时机,,,hsk5
明信片,,,hsk5
明明,,,hsk5
景象,,,hsk5
晴朗,,,hsk5
暂停,,,hsk5
暖,,,hsk5
更换,,,hsk5
更新,,,hsk5
月球,,,hsk5
有利于,,,hsk5
有力,,,hsk5
有害,,,hsk5
有毒,,,hsk5
有着,,,hsk5
服从,,,hsk5
朗读,,,hsk5
期望,,,hsk5
本人,,,hsk5
朵,,,hsk5
机制,,,hsk5
机器人,,,hsk5
杀,,,hsk5
杀毒,,,hsk5
来信,,,hsk5
枪,,,hsk5
染,,,hsk5
柜子,,,hsk5
查询,,,hsk5
标点,,,hsk5
样式,,,hsk5
桃,,,hsk5
桃树,,,hsk5
桃花,,,hsk5
检验,,,hsk5
棒,,,hsk5
模仿,,,hsk5
模样,,,hsk5
模糊,,,hsk5
模范,,,hsk5
欠,,,hsk5
次要,,,hsk5
歇,,,hsk5
歌曲,,,hsk5
正义,,,hsk5
正如,,,hsk5
正规,,,hsk5
此刻,,,hsk5
此后,,,hsk5
此时,,,hsk5
毒,,,hsk5
比方,,,hsk5
比重,,,hsk5
气体,,,hsk5
气象,,,hsk5
水产品,,,hsk5
水分,,,hsk5
水库,,,hsk5
水灾,,,hsk5
汇款,,,hsk5
池子,,,hsk5
污水,,,hsk5
沙漠,,,hsk5
沟,,,hsk5
油炸,,,hsk5
治安,,,hsk5
治理,,,hsk5
泉,,,hsk5
法制,,,hsk5
法规,,,hsk5
注射,,,hsk5
注重,,,hsk5
泼,,,hsk5
洒,,,hsk5
洞,,,hsk5
活力,,,hsk5
流动,,,hsk5
流通,,,hsk5
消极,,,hsk5
消防,,,hsk5
消除,,,hsk5
涨,,,hsk5
涨价,,,hsk5
深处,,,hsk5
深度,,,hsk5
清晨,,,hsk5
清理,,,hsk5
温和,,,hsk5
渴望,,,hsk5
游泳池,,,hsk5
滑,,,hsk5
滚,,,hsk5
漏,,,hsk5
漫画,,,hsk5
漫长,,,hsk5
火柴,,,hsk5
火灾,,,hsk5
灾,,,hsk5
灾区,,,hsk5
灾害,,,hsk5
灾难,,,hsk5
烂,,,hsk5
烤肉,,,hsk5
热量,,,hsk5
热门,,,hsk5
煤,,,hsk5
煤气,,,hsk5
熊,,,hsk5
版,,,hsk5
物业,,,hsk5
物价,,,hsk5
特定,,,hsk5
特性,,,hsk5
特有,,,hsk5
犹豫,,,hsk5
狂,,,hsk5
献,,,hsk5
猴,,,hsk5
率领,,,hsk5
环节,,,hsk5
现有,,,hsk5
现状,,,hsk5
玻璃,,,hsk5
珍珠,,,hsk5
珍贵,,,hsk5
班主任,,,hsk5
琴,,,hsk5
生成,,,hsk5
用不着,,,hsk5
用于,,,hsk5
用来,,,hsk5
田野,,,hsk5
由此,,,hsk5
甲,,,hsk5
电子版,,,hsk5
男性,,,hsk5
画面,,,hsk5
疯,,,hsk5
疯狂,,,hsk5
疼爱,,,hsk5
登机牌,,,hsk5
白酒,,,hsk5
皮鞋,,,hsk5
盆,,,hsk5
盒,,,hsk5
盒饭,,,hsk5
目光,,,hsk5
直线,,,hsk5
相声,,,hsk5
相应,,,hsk5
相等,,,hsk5
看出,,,hsk5
看待,,,hsk5
看成,,,hsk5
真理,,,hsk5
眼光,,,hsk5
着凉,,,hsk5
瞧,,,hsk5
矛盾,,,hsk5
码头,,,hsk5
研究所,,,hsk5
硬,,,hsk5
确立,,,hsk5
碎,,,hsk5
示范,,,hsk5
礼,,,hsk5
礼拜天,,,hsk5
社,,,hsk5
社区,,,hsk5
神,,,hsk5
神情,,,hsk5
秒,,,hsk5
称号,,,hsk5
稍,,,hsk5
空中,,,hsk5
突破,,,hsk5
立,,,hsk5
立场,,,hsk5
竞赛,,,hsk5
竹子,,,hsk5
等候,,,hsk5
等级,,,hsk5
签,,,hsk5
签约,,,hsk5
粘贴,,,hsk5
糟,,,hsk5
系领带,,,hsk5
紧紧,,,hsk5
繁荣,,,hsk5
约束,,,hsk5
线索,,,hsk5
终止,,,hsk5
终点,,,hsk5
终身,,,hsk5
经费,,,hsk5
绕,,,hsk5
绝望,,,hsk5
继承,,,hsk5
罚,,,hsk5
罚款,,,hsk5
群众,,,hsk5
群体,,,hsk5
羽绒服,,,hsk5
老鼠,,,hsk5
考核,,,hsk5
耐心,,,hsk5
职务,,,hsk5
职能,,,hsk5
联络,,,hsk5
肩,,,hsk5
胆,,,hsk5
胆小,,,hsk5
胆小鬼,,,hsk5
胜负,,,hsk5
胡同,,,hsk5
胡同儿,,,hsk5
胡须,,,hsk5
脆,,,hsk5
脑子,,,hsk5
脚步,,,hsk5
脸盆,,,hsk5
脾气,,,hsk5
自愿,,,hsk5
自杀,,,hsk5
臭,,,hsk5
至,,,hsk5
舍得,,,hsk5
舞,,,hsk5
艰苦,,,hsk5
艰难,,,hsk5
草原,,,hsk5
落实,,,hsk5
葡萄酒,,,hsk5
薄弱,,,hsk5
虎,,,hsk5
行驶,,,hsk5
补偿,,,hsk5
补贴,,,hsk5
被动,,,hsk5
裁判,,,hsk5
装饰,,,hsk5
视为,,,hsk5
解放,,,hsk5
解说员,,,hsk5
言语,,,hsk5
警告,,,hsk5
认,,,hsk5
认定,,,hsk5
记忆,,,hsk5
许可,,,hsk5
设想,,,hsk5
证实,,,hsk5
试图,,,hsk5
诗歌,,,hsk5
询问,,,hsk5
详细,,,hsk5
调动,,,hsk5
调节,,,hsk5
豆制品,,,hsk5
象棋,,,hsk5
负责人,,,hsk5
贺卡,,,hsk5
资产,,,hsk5
资助,,,hsk5
赔,,,hsk5
赠,,,hsk5
赠送,,,hsk5
起到,,,hsk5
起码,,,hsk5
超越,,,hsk5
跟前,,,hsk5
跟随,,,hsk5
车主,,,hsk5
车库,,,hsk5
转化,,,hsk5
转向,,,hsk5
转换,,,hsk5
转让,,,hsk5
软,,,hsk5
辈,,,hsk5
输出,,,hsk5
辞典,,,hsk5
辞职,,,hsk5
边境,,,hsk5
达成,,,hsk5
运,,,hsk5
运行,,,hsk5
近来,,,hsk5
返回,,,hsk5
进化,,,hsk5
远处,,,hsk5
违反,,,hsk5
违法,,,hsk5
连接,,,hsk5
迟,,,hsk5
迷人,,,hsk5
迷信,,,hsk5
退步,,,hsk5
逃,,,hsk5
逃走,,,hsk5
逃跑,,,hsk5
选修,,,hsk5
递,,,hsk5
递给,,,hsk5
通用,,,hsk5
逻辑,,,hsk5
遵守,,,hsk5
配备,,,hsk5
配套,,,hsk5
酒鬼,,,hsk5
酸甜苦辣,,,hsk5
醉,,,hsk5
采购,,,hsk5
钓,,,hsk5
钢笔,,,hsk5
钢铁,,,hsk5
铃,,,hsk5
铃声,,,hsk5
键,,,hsk5
长寿,,,hsk5
长度,,,hsk5
门诊,,,hsk5
闭幕,,,hsk5
闭幕式,,,hsk5
闯,,,hsk5
闲,,,hsk5
间接,,,hsk5
阅览室,,,hsk5
防治,,,hsk5
阻碍,,,hsk5
附件,,,hsk5
陪,,,hsk5
随后,,,hsk5
随意,,,hsk5
随着,,,hsk5
难以,,,hsk5
难得,,,hsk5
雄伟,,,hsk5
集团,,,hsk5
雨水,,,hsk5
雷,,,hsk5
青,,,hsk5
靠近,,,hsk5
面子,,,hsk5
面貌,,,hsk5
顾问,,,hsk5
预备,,,hsk5
预期,,,hsk5
颗,,,hsk5
风光,,,hsk5
风度,,,hsk5
餐饮,,,hsk5
餐馆,,,hsk5
饮食,,,hsk5
饼,,,hsk5
饼干,,,hsk5
骂,,,hsk5
骗子,,,hsk5
高于,,,hsk5
高原,,,hsk5
高大,,,hsk5
高度,,,hsk5
高温,,,hsk5
高跟鞋,,,hsk5
鬼,,,hsk5
鸭子,,,hsk5
麦克风,,,hsk5
鼓,,,hsk5
鼠,,,hsk5
鼠标,,,hsk5
齐全,,,hsk5
一丝不苟,,,hsk6
一举两得,,,hsk6
一代,,,hsk6
一同,,,hsk6
一时,,,hsk6
一模一样,,,hsk6
一次性,,,hsk6
一番,,,hsk6
一行,,,hsk6
一贯,,,hsk6
一路上,,,hsk6
一道,,,hsk6
一齐,,,hsk6
上台,,,hsk6
上市,,,hsk6
上帝,,,hsk6
上演,,,hsk6
上班族,,,hsk6
上进心,,,hsk6
不仅仅,,,hsk6
不便,,,hsk6
不值,,,hsk6
不再,,,hsk6
不屑一顾,,,hsk6
不怎么,,,hsk6
不怎么样,,,hsk6
不愧,,,hsk6
不成,,,hsk6
不择手段,,,hsk6
不料,,,hsk6
不禁,,,hsk6
不至于,,,hsk6
不见,,,hsk6
不言而喻,,,hsk6
不通,,,hsk6
与,,,hsk6
专用,,,hsk6
专科,,,hsk6
世界观,,,hsk6
丛,,,hsk6
丢三落四,,,hsk6
两侧,,,hsk6
两手,,,hsk6
严寒,,,hsk6
丧失,,,hsk6
中华,,,hsk6
中外,,,hsk6
中期,,,hsk6
中等,,,hsk6
串,,,hsk6
为何,,,hsk6
为此,,,hsk6
为首,,,hsk6
主流,,,hsk6
主角,,,hsk6
举足轻重,,,hsk6
之类,,,hsk6
乌云,,,hsk6
乌黑,,,hsk6
乐谱,,,hsk6
乘务员,,,hsk6
乡镇,,,hsk6
书房,,,hsk6
乳制品,,,hsk6
争夺,,,hsk6
事后,,,hsk6
于,,,hsk6
亏待,,,hsk6
互动,,,hsk6
井,,,hsk6
产量,,,hsk6
亲属,,,hsk6
亲眼,,,hsk6
人权,,,hsk6
从不,,,hsk6
从没,,,hsk6
仓库,,,hsk6
以至,,,hsk6
仪器,,,hsk6
仪式,,,hsk6
仰,,,hsk6
任重道远,,,hsk6
仿佛,,,hsk6
优胜劣汰,,,hsk6
优质,,,hsk6
会见,,,hsk6
会长,,,hsk6
传出,,,hsk6
传单,,,hsk6
传媒,,,hsk6
传言,,,hsk6
传输,,,hsk6
伤亡,,,hsk6
伤口,,,hsk6
伤员,,,hsk6
伶俐,,,hsk6
低头,,,hsk6
低温,,,hsk6
住宅,,,hsk6
佛,,,hsk6
佛教,,,hsk6
作废,,,hsk6
作息,,,hsk6
作战,,,hsk6
佳肴,,,hsk6
供给,,,hsk6
依次,,,hsk6
侦探,,,hsk6
侧,,,hsk6
便,,,hsk6
便是,,,hsk6
保健,,,hsk6
信仰,,,hsk6
信用,,,hsk6
修车,,,hsk6
俯仰,,,hsk6
候选,,,hsk6
借鉴,,,hsk6
债,,,hsk6
债券,,,hsk6
倾向,,,hsk6
假日,,,hsk6
做东,,,hsk6
停滞,,,hsk6
傍晚,,,hsk6
储存,,,hsk6
僵硬,,,hsk6
元素,,,hsk6
先锋,,,hsk6
光辉,,,hsk6
免得,,,hsk6
党,,,hsk6
入,,,hsk6
入学,,,hsk6
全力,,,hsk6
全新,,,hsk6
公,,,hsk6
公众,,,hsk6
公婆,,,hsk6
公安,,,hsk6
公鸡,,,hsk6
共和国,,,hsk6
关爱,,,hsk6
关联,,,hsk6
兴旺,,,hsk6
兴致勃勃,,,hsk6
兴隆,,,hsk6
养老,,,hsk6
内地,,,hsk6
内外,,,hsk6
再生,,,hsk6
再说,,,hsk6
写字台,,,hsk6
写字楼,,,hsk6
军事,,,hsk6
军舰,,,hsk6
军队,,,hsk6
冰雹,,,hsk6
冲击,,,hsk6
决策,,,hsk6
冷却,,,hsk6
冷气,,,hsk6
冷水,,,hsk6
净,,,hsk6
凉鞋,,,hsk6
凝视,,,hsk6
凡是,,,hsk6
凶,,,hsk6
凶手,,,hsk6
凹凸,,,hsk6
出事,,,hsk6
出入,,,hsk6
出动,,,hsk6
出台,,,hsk6
出名,,,hsk6
出场,,,hsk6
出神,,,hsk6
出行,,,hsk6
出访,,,hsk6
出路,,,hsk6
出面,,,hsk6
分工,,,hsk6
分裂,,,hsk6
切实,,,hsk6
刑事,,,hsk6
刚好,,,hsk6
创办,,,hsk6
创建,,,hsk6
创意,,,hsk6
初等,,,hsk6
判,,,hsk6
利,,,hsk6
刮,,,hsk6
到期,,,hsk6
券,,,hsk6
刹那,,,hsk6
刻不容缓,,,hsk6
前方,,,hsk6
前来,,,hsk6
剑,,,hsk6
剧,,,hsk6
剪彩,,,hsk6
副,,,hsk6
力图,,,hsk6
办事处,,,hsk6
办公,,,hsk6
办学,,,hsk6
加盟,,,hsk6
勉励,,,hsk6
勤俭,,,hsk6
勤恳,,,hsk6
勺,,,hsk6
包庇,,,hsk6
化解,,,hsk6
匪徒,,,hsk6
区分,,,hsk6
医药,,,hsk6
升值,,,hsk6
升学,,,hsk6
升级,,,hsk6
半决赛,,,hsk6
协会,,,hsk6
协助,,,hsk6
协调,,,hsk6
单打,,,hsk6
博大精深,,,hsk6
占据,,,hsk6
卧铺,,,hsk6
印,,,hsk6
危机,,,hsk6
却是,,,hsk6
厂商,,,hsk6
历代,,,hsk6
压榨,,,hsk6
压迫,,,hsk6
厌恶,,,hsk6
原,,,hsk6
原告,,,hsk6
厨师,,,hsk6
去掉,,,hsk6
参展,,,hsk6
参赛,,,hsk6
双打,,,hsk6
反之,,,hsk6
反动,,,hsk6
反响,,,hsk6
反射,,,hsk6
反抗,,,hsk6
反问,,,hsk6
发怒,,,hsk6
发放,,,hsk6
发电,,,hsk6
发病,,,hsk6
发起,,,hsk6
取款,,,hsk6
取款机,,,hsk6
受罪,,,hsk6
变形,,,hsk6
变换,,,hsk6
变故,,,hsk6
变更,,,hsk6
口试,,,hsk6
另,,,hsk6
只得,,,hsk6
只管,,,hsk6
司长,,,hsk6
叹气,,,hsk6
各抒己见,,,hsk6
合算,,,hsk6
合约,,,hsk6
合身,,,hsk6
吉祥,,,hsk6
同,,,hsk6
同一,,,hsk6
同期,,,hsk6
同胞,,,hsk6
同行,,,hsk6
名次,,,hsk6
名胜,,,hsk6
名誉,,,hsk6
吞,,,hsk6
吞咽,,,hsk6
听取,,,hsk6
启程,,,hsk6
吸毒,,,hsk6
周折,,,hsk6
呵,,,hsk6
呻吟,,,hsk6
呼啸,,,hsk6
命,,,hsk6
咀嚼,,,hsk6
咋,,,hsk6
咨询,,,hsk6
咬牙切齿,,,hsk6
品牌,,,hsk6
哇,,,hsk6
响声,,,hsk6
哎哟,,,hsk6
哨,,,hsk6
哺乳,,,hsk6
唾沫,,,hsk6
商城,,,hsk6
啥,,,hsk6
啦,,,hsk6
啰唆,,,hsk6
喘气,,,hsk6
喜闻乐见,,,hsk6
嗨,,,hsk6
嗯,,,hsk6
嘉宾,,,hsk6
嘛,,,hsk6
四处,,,hsk6
四肢,,,hsk6
回应,,,hsk6
因,,,hsk6
园,,,hsk6
园地,,,hsk6
固有,,,hsk6
国产,,,hsk6
国会,,,hsk6
国务院,,,hsk6
国旗,,,hsk6
国歌,,,hsk6
图书,,,hsk6
圆珠笔,,,hsk6
地下室,,,hsk6
地势,,,hsk6
地名,,,hsk6
地板,,,hsk6
场地,,,hsk6
场景,,,hsk6
场馆,,,hsk6
坡,,,hsk6
垂直,,,hsk6
埋,,,hsk6
埋葬,,,hsk6
城乡,,,hsk6
城区,,,hsk6
城堡,,,hsk6
城镇,,,hsk6
基督教,,,hsk6
堆积,,,hsk6
塔,,,hsk6
塞,,,hsk6
墓,,,hsk6
增值,,,hsk6
增进,,,hsk6
墨水儿,,,hsk6
壮烈,,,hsk6
壮观,,,hsk6
声势,,,hsk6
壶,,,hsk6
处处,,,hsk6
处长,,,hsk6
备份,,,hsk6
备忘录,,,hsk6
复苏,,,hsk6
夕阳,,,hsk6
外出,,,hsk6
外头,,,hsk6
外币,,,hsk6
外来,,,hsk6
外科,,,hsk6
外衣,,,hsk6
外观,,,hsk6
外资,,,hsk6
外部,,,hsk6
多元化,,,hsk6
多半,,,hsk6
多媒体,,,hsk6
多方面,,,hsk6
大不了,,,hsk6
大使,,,hsk6
大力,,,hsk6
大师,,,hsk6
大批,,,hsk6
大米,,,hsk6
大赛,,,hsk6
大道,,,hsk6
天下,,,hsk6
天伦之乐,,,hsk6
天堂,,,hsk6
太阳能,,,hsk6
头疼,,,hsk6
夹杂,,,hsk6
夺,,,hsk6
夺取,,,hsk6
奇妙,,,hsk6
奉献,,,hsk6
奏,,,hsk6
奔跑,,,hsk6
奖赏,,,hsk6
奶牛,,,hsk6
奶粉,,,hsk6
好不容易,,,hsk6
好似,,,hsk6
好学,,,hsk6
好容易,,,hsk6
如,,,hsk6
如一,,,hsk6
妙,,,hsk6
姑且,,,hsk6
姑姑,,,hsk6
威望,,,hsk6
娃娃,,,hsk6
娱乐,,,hsk6
媒介,,,hsk6
嫌,,,hsk6
季军,,,hsk6
孤儿,,,hsk6
孤独,,,hsk6
学会,,,hsk6
学员,,,hsk6
宁肯,,,hsk6
宇航员,,,hsk6
安居乐业,,,hsk6
安检,,,hsk6
安详,,,hsk6
宏大,,,hsk6
官司,,,hsk6
定价,,,hsk6
定位,,,hsk6
定时,,,hsk6
宠物,,,hsk6
审理,,,hsk6
客车,,,hsk6
宫,,,hsk6
宴会,,,hsk6
家园,,,hsk6
家常,,,hsk6
家电,,,hsk6
容器,,,hsk6
容貌,,,hsk6
宽阔,,,hsk6
富人,,,hsk6
富有,,,hsk6
寒暄,,,hsk6
对外,,,hsk6
对抗,,,hsk6
寺,,,hsk6
将军,,,hsk6
小于,,,hsk6
小费,,,hsk6
小麦,,,hsk6
少儿,,,hsk6
尖,,,hsk6
就是说,,,hsk6
尽,,,hsk6
层面,,,hsk6
屏幕,,,hsk6
屏障,,,hsk6
屑,,,hsk6
山坡,,,hsk6
山峰,,,hsk6
山脉,,,hsk6
山谷,,,hsk6
岔,,,hsk6
岗位,,,hsk6
岛,,,hsk6
峰会,,,hsk6
崇敬,,,hsk6
州,,,hsk6
巧妙,,,hsk6
巩固,,,hsk6
差异,,,hsk6
巴结,,,hsk6
巷,,,hsk6
市民,,,hsk6
布告,,,hsk6
布满,,,hsk6
师父,,,hsk6
师生,,,hsk6
常务,,,hsk6
常年,,,hsk6
常规,,,hsk6
干劲,,,hsk6
干涉,,,hsk6
平方米,,,hsk6
平行,,,hsk6
并存,,,hsk6
幻想,,,hsk6
广阔,,,hsk6
庄重,,,hsk6
序言,,,hsk6
应对,,,hsk6
应急,,,hsk6
座谈会,,,hsk6
康复,,,hsk6
开关,,,hsk6
开创,,,hsk6
开夜车,,,hsk6
开头,,,hsk6
开设,,,hsk6
开通,,,hsk6
异常,,,hsk6
强势,,,hsk6
强化,,,hsk6
强壮,,,hsk6
强盗,,,hsk6
当作,,,hsk6
当天,,,hsk6
当成,,,hsk6
录像,,,hsk6
录音机,,,hsk6
形,,,hsk6
影响力,,,hsk6
影星,,,hsk6
影迷,,,hsk6
往后,,,hsk6
往年,,,hsk6
往来,,,hsk6
待会儿,,,hsk6
很难说,,,hsk6
徒弟,,,hsk6
循环,,,hsk6
心愿,,,hsk6
心灵,,,hsk6
必修,,,hsk6
必将,,,hsk6
忠心,,,hsk6
快车,,,hsk6
思绪,,,hsk6
急于求成,,,hsk6
急切,,,hsk6
急功近利,,,hsk6
急救,,,hsk6
性感,,,hsk6
总和,,,hsk6
总监,,,hsk6
总经理,,,hsk6
总部,,,hsk6
总量,,,hsk6
恩人,,,hsk6
恭敬,,,hsk6
恰好,,,hsk6
恰当,,,hsk6
恰恰,,,hsk6
恳切,,,hsk6
恼火,,,hsk6
患者,,,hsk6
悬,,,hsk6
悬崖峭壁,,,hsk6
悲惨,,,hsk6
情理,,,hsk6
惊人,,,hsk6
惊动,,,hsk6
惨,,,hsk6
想不到,,,hsk6
惹祸,,,hsk6
愈,,,hsk6
意想不到,,,hsk6
意愿,,,hsk6
愚昧,,,hsk6
慢车,,,hsk6
懒,,,hsk6
戏曲,,,hsk6
成品,,,hsk6
成心,,,hsk6
战友,,,hsk6
战场,,,hsk6
战役,,,hsk6
战术,,,hsk6
战略,,,hsk6
截止,,,hsk6
截至,,,hsk6
户外,,,hsk6
房价,,,hsk6
扁,,,hsk6
手续费,,,hsk6
才干,,,hsk6
扎,,,hsk6
扎实,,,hsk6
扑,,,hsk6
打动,,,hsk6
打发,,,hsk6
打官司,,,hsk6
打断,,,hsk6
打牌,,,hsk6
打造,,,hsk6
托运,,,hsk6
扣,,,hsk6
扩充,,,hsk6
扭,,,hsk6
投掷,,,hsk6
投票,,,hsk6
抗议,,,hsk6
护,,,hsk6
报刊,,,hsk6
报考,,,hsk6
抵抗,,,hsk6
抵达,,,hsk6
抹杀,,,hsk6
抽空,,,hsk6
担忧,,,hsk6
拆迁,,,hsk6
拐,,,hsk6
拔苗助长,,,hsk6
拖,,,hsk6
拖鞋,,,hsk6
招,,,hsk6
招投标,,,hsk6
招聘,,,hsk6
拨打,,,hsk6
拿走,,,hsk6
持有,,,hsk6
指头,,,hsk6
指定,,,hsk6
指数,,,hsk6
指着,,,hsk6
挑拨,,,hsk6
挖,,,hsk6
挥霍,,,hsk6
挨,,,hsk6
挨打,,,hsk6
挨着,,,hsk6
挺拔,,,hsk6
捆绑,,,hsk6
捉,,,hsk6
捐,,,hsk6
捐助,,,hsk6
捐赠,,,hsk6
捕,,,hsk6
捡,,,hsk6
据,,,hsk6
掌声,,,hsk6
掏,,,hsk6
排行榜,,,hsk6
探索,,,hsk6
探讨,,,hsk6
接收,,,hsk6
推出,,,hsk6
推论,,,hsk6
提交,,,hsk6
提升,,,hsk6
揭,,,hsk6
援助,,,hsk6
搭档,,,hsk6
摄取,,,hsk6
摊儿,,,hsk6
摘要,,,hsk6
摧残,,,hsk6
撑,,,hsk6
撤离,,,hsk6
撤退,,,hsk6
撤销,,,hsk6
播,,,hsk6
播种,,,hsk6
操纵,,,hsk6
操练,,,hsk6
攀登,,,hsk6
支援,,,hsk6
支撑,,,hsk6
支流,,,hsk6
收养,,,hsk6
收取,,,hsk6
收藏,,,hsk6
改装,,,hsk6
攻克,,,hsk6
攻击,,,hsk6
放射,,,hsk6
放手,,,hsk6
政党,,,hsk6
政权,,,hsk6
故障,,,hsk6
敌视,,,hsk6
救助,,,hsk6
救援,,,hsk6
教育部,,,hsk6
敢于,,,hsk6
整治,,,hsk6
整顿,,,hsk6
文娱,,,hsk6
斑纹,,,hsk6
斗争,,,hsk6
料,,,hsk6
斩钉截铁,,,hsk6
断绝,,,hsk6
斯文,,,hsk6
新人,,,hsk6
新兴,,,hsk6
方位,,,hsk6
施展,,,hsk6
旅店,,,hsk6
旋转,,,hsk6
族,,,hsk6
无从,,,hsk6
无关,,,hsk6
无动于衷,,,hsk6
无效,,,hsk6
无理取闹,,,hsk6
无穷无尽,,,hsk6
无赖,,,hsk6
无边,,,hsk6
日夜,,,hsk6
早晚,,,hsk6
时差,,,hsk6
时时,,,hsk6
时期,,,hsk6
时而,,,hsk6
时节,,,hsk6
时装,,,hsk6
昌盛,,,hsk6
明日,,,hsk6
昏,,,hsk6
显出,,,hsk6
晓得,,,hsk6
晕,,,hsk6
晕车,,,hsk6
景,,,hsk6
景点,,,hsk6
晾,,,hsk6
暂且,,,hsk6
暴力,,,hsk6
暴雨,,,hsk6
暴露,,,hsk6
暴风雨,,,hsk6
曲子,,,hsk6
更是,,,hsk6
更正,,,hsk6
最佳,,,hsk6
最终,,,hsk6
有事,,,hsk6
有关,,,hsk6
有条不紊,,,hsk6
有没有,,,hsk6
服,,,hsk6
服气,,,hsk6
望见,,,hsk6
本土,,,hsk6
本地,,,hsk6
本期,,,hsk6
本质,,,hsk6
本身,,,hsk6
机关,,,hsk6
机动车,,,hsk6
机械,,,hsk6
杂,,,hsk6
权,,,hsk6
权力,,,hsk6
杆,,,hsk6
村庄,,,hsk6
杠杆,,,hsk6
条理,,,hsk6
来往,,,hsk6
杰出,,,hsk6
极端,,,hsk6
构建,,,hsk6
果树,,,hsk6
果酱,,,hsk6
枝,,,hsk6
枯竭,,,hsk6
查出,,,hsk6
查看,,,hsk6
查获,,,hsk6
柱子,,,hsk6
柴油,,,hsk6
标记,,,hsk6
栏目,,,hsk6
样,,,hsk6
核心,,,hsk6
案例,,,hsk6
档,,,hsk6
档案,,,hsk6
桥梁,,,hsk6
桨,,,hsk6
梅花,,,hsk6
梢,,,hsk6
棉,,,hsk6
棍棒,,,hsk6
椭圆,,,hsk6
楼房,,,hsk6
楼道,,,hsk6
横,,,hsk6
次品,,,hsk6
次序,,,hsk6
次数,,,hsk6
款待,,,hsk6
歌唱,,,hsk6
歌星,,,hsk6
歌词,,,hsk6
止,,,hsk6
正当,,,hsk6
正月,,,hsk6
正气,,,hsk6
正负,,,hsk6
此事,,,hsk6
此前,,,hsk6
此处,,,hsk6
此次,,,hsk6
此致,,,hsk6
武侠,,,hsk6
死亡,,,hsk6
残疾,,,hsk6
残疾人,,,hsk6
残酷,,,hsk6
殖民地,,,hsk6
毁,,,hsk6
母,,,hsk6
母女,,,hsk6
母子,,,hsk6
母语,,,hsk6
母鸡,,,hsk6
毒品,,,hsk6
民主,,,hsk6
民工,,,hsk6
民意,,,hsk6
民警,,,hsk6
气功,,,hsk6
气压,,,hsk6
气概,,,hsk6
氢,,,hsk6
氧气,,,hsk6
水泥,,,hsk6
求职,,,hsk6
污蔑,,,hsk6
沐浴,,,hsk6
没收,,,hsk6
油漆,,,hsk6
油腻,,,hsk6
治病,,,hsk6
沿,,,hsk6
沿海,,,hsk6
法人,,,hsk6
法庭,,,hsk6
泡,,,hsk6
波动,,,hsk6
波浪,,,hsk6
波涛汹涌,,,hsk6
泥,,,hsk6
注释,,,hsk6
洋,,,hsk6
洞穴,,,hsk6
洪水,,,hsk6
活跃,,,hsk6
派出,,,hsk6
流感,,,hsk6
测定,,,hsk6
浮,,,hsk6
海军,,,hsk6
海外,,,hsk6
海底,,,hsk6
海浪,,,hsk6
海湾,,,hsk6
涂抹,,,hsk6
消灭,,,hsk6
涉及,,,hsk6
淡水,,,hsk6
深化,,,hsk6
深情厚谊,,,hsk6
深沉,,,hsk6
深深,,,hsk6
混,,,hsk6
混乱,,,hsk6
淹没,,,hsk6
添,,,hsk6
清,,,hsk6
清明节,,,hsk6
清洁工,,,hsk6
清澈,,,hsk6
清真,,,hsk6
渡,,,hsk6
渣,,,hsk6
温带,,,hsk6
港口,,,hsk6
港湾,,,hsk6
游人,,,hsk6
游戏机,,,hsk6
游玩,,,hsk6
游行,,,hsk6
溪,,,hsk6
滋长,,,hsk6
滴,,,hsk6
漂浮,,,hsk6
演奏,,,hsk6
潜力,,,hsk6
激情,,,hsk6
濒临,,,hsk6
火箭,,,hsk6
灭,,,hsk6
灵活,,,hsk6
炒,,,hsk6
炒作,,,hsk6
炒股,,,hsk6
炮,,,hsk6
炸,,,hsk6
炸弹,,,hsk6
炸药,,,hsk6
烘,,,hsk6
烟花,,,hsk6
热水,,,hsk6
热水器,,,hsk6
热泪盈眶,,,hsk6
热线,,,hsk6
烹饪,,,hsk6
照应,,,hsk6
照样,,,hsk6
照耀,,,hsk6
煮,,,hsk6
熄灭,,,hsk6
熨,,,hsk6
爆,,,hsk6
爆发,,,hsk6
爆炸,,,hsk6
爱戴,,,hsk6
父女,,,hsk6
父子,,,hsk6
爽,,,hsk6
片刻,,,hsk6
片断,,,hsk6
版本,,,hsk6
牢,,,hsk6
物品,,,hsk6
物美价廉,,,hsk6
特,,,hsk6
特地,,,hsk6
特大,,,hsk6
特快,,,hsk6
特意,,,hsk6
牺牲,,,hsk6
犬,,,hsk6
犯,,,hsk6
犯罪,,,hsk6
犯规,,,hsk6
狠,,,hsk6
狠心,,,hsk6
独裁,,,hsk6
猛,,,hsk6
王后,,,hsk6
王子,,,hsk6
玩弄,,,hsk6
珍稀,,,hsk6
珠宝,,,hsk6
球员,,,hsk6
球拍,,,hsk6
球星,,,hsk6
理,,,hsk6
理智,,,hsk6
理财,,,hsk6
瓦解,,,hsk6
生活费,,,hsk6
生疏,,,hsk6
生锈,,,hsk6
用品,,,hsk6
用处,,,hsk6
用得着,,,hsk6
用法,,,hsk6
甭,,,hsk6
田,,,hsk6
电力,,,hsk6
电动,,,hsk6
电器,,,hsk6
电车,,,hsk6
畅通,,,hsk6
界,,,hsk6
畔,,,hsk6
留言,,,hsk6
畜牧,,,hsk6
番,,,hsk6
疙瘩,,,hsk6
疤,,,hsk6
疼痛,,,hsk6
疾病,,,hsk6
病情,,,hsk6
病房,,,hsk6
症状,,,hsk6
瘸,,,hsk6
白领,,,hsk6
百分点,,,hsk6
皮球,,,hsk6
皮革,,,hsk6
皱纹,,,hsk6
盆地,,,hsk6
监测,,,hsk6
监督,,,hsk6
盖章,,,hsk6
盘旋,,,hsk6
盛产,,,hsk6
盛情,,,hsk6
盛行,,,hsk6
盲人,,,hsk6
直升机,,,hsk6
省会,,,hsk6
省钱,,,hsk6
看作,,,hsk6
看好,,,hsk6
看得见,,,hsk6
看得起,,,hsk6
看管,,,hsk6
眨,,,hsk6
眼看,,,hsk6
知名,,,hsk6
知足常乐,,,hsk6
短促,,,hsk6
短片,,,hsk6
矿,,,hsk6
研发,,,hsk6
砖瓦,,,hsk6
碧玉,,,hsk6
磨,,,hsk6
礼堂,,,hsk6
祖国,,,hsk6
祖母,,,hsk6
祖父,,,hsk6
祝愿,,,hsk6
神色,,,hsk6
种种,,,hsk6
科研,,,hsk6
秘书长,,,hsk6
称心如意,,,hsk6
税,,,hsk6
稻谷,,,hsk6
稿件,,,hsk6
空军,,,hsk6
空前绝后,,,hsk6
空洞,,,hsk6
窗口,,,hsk6
章,,,hsk6
章程,,,hsk6
端,,,hsk6
端午节,,,hsk6
笑声,,,hsk6
笑容,,,hsk6
笑脸,,,hsk6
笔试,,,hsk6
笨拙,,,hsk6
策划,,,hsk6
简介,,,hsk6
算是,,,hsk6
管道,,,hsk6
箭,,,hsk6
籍贯,,,hsk6
粉末,,,hsk6
精,,,hsk6
精品,,,hsk6
精密,,,hsk6
精美,,,hsk6
糖葫芦,,,hsk6
糟蹋,,,hsk6
素质,,,hsk6
繁殖,,,hsk6
纠正,,,hsk6
纠纷,,,hsk6
约定,,,hsk6
纪要,,,hsk6
纵横,,,hsk6
纽扣儿,,,hsk6
线路,,,hsk6
织,,,hsk6
终年,,,hsk6
经纬,,,hsk6
结算,,,hsk6
绘画,,,hsk6
给予,,,hsk6
绝,,,hsk6
绝大多数,,,hsk6
统筹兼顾,,,hsk6
继往开来,,,hsk6
维生素,,,hsk6
绿化,,,hsk6
编制,,,hsk6
编织,,,hsk6
缘故,,,hsk6
缠绕,,,hsk6
缺陷,,,hsk6
网页,,,hsk6
罢了,,,hsk6
罪,,,hsk6
罪恶,,,hsk6
美容,,,hsk6
羞耻,,,hsk6
翼,,,hsk6
老乡,,,hsk6
考古,,,hsk6
考场,,,hsk6
考题,,,hsk6
耐用,,,hsk6
耳环,,,hsk6
耸,,,hsk6
聊,,,hsk6
聋哑,,,hsk6
职责,,,hsk6
联手,,,hsk6
联盟,,,hsk6
联赛,,,hsk6
聘请,,,hsk6
肆无忌惮,,,hsk6
股,,,hsk6
肯,,,hsk6
肿,,,hsk6
背着,,,hsk6
胡乱,,,hsk6
胸怀,,,hsk6
能否,,,hsk6
脚印,,,hsk6
腮,,,hsk6
膜,,,hsk6
臂,,,hsk6
自在,,,hsk6
自学,,,hsk6
自我,,,hsk6
自来水,,,hsk6
自满,,,hsk6
自言自语,,,hsk6
舞蹈,,,hsk6
舟,,,hsk6
舰艇,,,hsk6
船只,,,hsk6
船员,,,hsk6
船长,,,hsk6
艺人,,,hsk6
节假日,,,hsk6
节奏,,,hsk6
节能,,,hsk6
花费,,,hsk6
若,,,hsk6
苦尽甘来,,,hsk6
英明,,,hsk6
茫茫,,,hsk6
荒唐,,,hsk6
荧屏,,,hsk6
药品,,,hsk6
落成,,,hsk6
蒸发,,,hsk6
蓝天,,,hsk6
蓝领,,,hsk6
蔑视,,,hsk6
薯条,,,hsk6
薯片,,,hsk6
藏,,,hsk6
虽,,,hsk6
融入,,,hsk6
融合,,,hsk6
螺丝钉,,,hsk6
行程,,,hsk6
街头,,,hsk6
衣裳,,,hsk6
补习,,,hsk6
补助,,,hsk6
补考,,,hsk6
补课,,,hsk6
表面上,,,hsk6
袖珍,,,hsk6
被告,,,hsk6
裁员,,,hsk6
裁缝,,,hsk6
裂,,,hsk6
装卸,,,hsk6
装备,,,hsk6
要么,,,hsk6
要好,,,hsk6
要素,,,hsk6
见多识广,,,hsk6
见闻,,,hsk6
观光,,,hsk6
规章,,,hsk6
觉,,,hsk6
解,,,hsk6
解说,,,hsk6
认同,,,hsk6
让座,,,hsk6
议题,,,hsk6
记性,,,hsk6
讲课,,,hsk6
设计师,,,hsk6
评,,,hsk6
评选,,,hsk6
识,,,hsk6
识字,,,hsk6
试点,,,hsk6
诞生,,,hsk6
诬陷,,,hsk6
误,,,hsk6
说实话,,,hsk6
说明书,,,hsk6
请示,,,hsk6
诸位,,,hsk6
调剂,,,hsk6
调和,,,hsk6
调研,,,hsk6
谢绝,,,hsk6
豪迈,,,hsk6
负,,,hsk6
贤惠,,,hsk6
败坏,,,hsk6
账,,,hsk6
账户,,,hsk6
贫乏,,,hsk6
贫困,,,hsk6
贬义,,,hsk6
贬低,,,hsk6
赌,,,hsk6
赌博,,,hsk6
赚,,,hsk6
赛,,,hsk6
赛场,,,hsk6
赤道,,,hsk6
赶上,,,hsk6
赶不上,,,hsk6
赶忙,,,hsk6
起义,,,hsk6
起哄,,,hsk6
起点,,,hsk6
起诉,,,hsk6
超,,,hsk6
超出,,,hsk6
趟,,,hsk6
足,,,hsk6
足以,,,hsk6
跨,,,hsk6
跪,,,hsk6
路过,,,hsk6
践踏,,,hsk6
踌躇,,,hsk6
踏,,,hsk6
踏实,,,hsk6
踢,,,hsk6
踪迹,,,hsk6
蹲,,,hsk6
车号,,,hsk6
车展,,,hsk6
车牌,,,hsk6
轨道,,,hsk6
边缘,,,hsk6
迁徙,,,hsk6
过后,,,hsk6
过时,,,hsk6
过渡,,,hsk6
过问,,,hsk6
迎来,,,hsk6
运作,,,hsk6
运算,,,hsk6
近日,,,hsk6
近视,,,hsk6
这就是说,,,hsk6
进攻,,,hsk6
远方,,,hsk6
远离,,,hsk6
远远,,,hsk6
连同,,,hsk6
连年,,,hsk6
迟缓,,,hsk6
迸发,,,hsk6
追悼,,,hsk6
追究,,,hsk6
退票,,,hsk6
送礼,,,hsk6
送行,,,hsk6
适当,,,hsk6
选举,,,hsk6
选拔,,,hsk6
透露,,,hsk6
递增,,,hsk6
通报,,,hsk6
通红,,,hsk6
通行,,,hsk6
通讯,,,hsk6
通话,,,hsk6
通货,,,hsk6
通道,,,hsk6
逼,,,hsk6
遍地,,,hsk6
道教,,,hsk6
遗失,,,hsk6
遭到,,,hsk6
遭受,,,hsk6
遭遇,,,hsk6
遮挡,,,hsk6
部队,,,hsk6
都市,,,hsk6
酱,,,hsk6
酷,,,hsk6
采纳,,,hsk6
重建,,,hsk6
重组,,,hsk6
重阳节,,,hsk6
野,,,hsk6
野生,,,hsk6
金钱,,,hsk6
金额,,,hsk6
鉴定,,,hsk6
钟头,,,hsk6
铜牌,,,hsk6
铜矿,,,hsk6
铺,,,hsk6
锋利,,,hsk6
错过,,,hsk6
锤,,,hsk6
锦绣前程,,,hsk6
锲而不舍,,,hsk6
镇,,,hsk6
镇压,,,hsk6
镇静,,,hsk6
长久,,,hsk6
长假,,,hsk6
长短,,,hsk6
长跑,,,hsk6
长远,,,hsk6
闭,,,hsk6
闭塞,,,hsk6
闲话,,,hsk6
阔,,,hsk6
队伍,,,hsk6
防守,,,hsk6
防范,,,hsk6
阴谋,,,hsk6
阵地,,,hsk6
陆军,,,hsk6
陡峭,,,hsk6
除,,,hsk6
险,,,hsk6
陪同,,,hsk6
陷入,,,hsk6
陷害,,,hsk6
隐私,,,hsk6
隐藏,,,hsk6
障碍,,,hsk6
难忘,,,hsk6
难能可贵,,,hsk6
集,,,hsk6
雌雄,,,hsk6
零星,,,hsk6
霞,,,hsk6
面向,,,hsk6
面对面,,,hsk6
革新,,,hsk6
音像,,,hsk6
音量,,,hsk6
顺,,,hsk6
须知,,,hsk6
顽皮,,,hsk6
顾,,,hsk6
预约,,,hsk6
领取,,,hsk6
领袖,,,hsk6
颈椎,,,hsk6
颗粒,,,hsk6
颠簸,,,hsk6
风土人情,,,hsk6
风暴,,,hsk6
飘扬,,,hsk6
飞禽走兽,,,hsk6
飞船,,,hsk6
飞行员,,,hsk6
食欲,,,hsk6
餐,,,hsk6
饱经沧桑,,,hsk6
首席,,,hsk6
首次,,,hsk6
首相,,,hsk6
首脑,,,hsk6
马车,,,hsk6
驻,,,hsk6
驻扎,,,hsk6
高层,,,hsk6
高峰,,,hsk6
高手,,,hsk6
高档,,,hsk6
高等,,,hsk6
高考,,,hsk6
黑夜,,,hsk6